,index,0
0,,NotClickBait
1,js,clickbait
2,const clickbaitarticlesarray,clickbait
3,unexpected diet hacks to ditch that weight fast,clickbait
4,shocking signs your relationship may be in big trouble you don t want to miss,clickbait
5,top crypto experts reveal the market is about to crash or soar buy now or cry later,clickbait
6,i quit my job pursued my passion instead here s the inspirational journey to my financial turnaround,clickbait
7,these secret steps will revolutionize your life you won t believe no,clickbait
8,unbelievable tattoo trends eroding good taste do you approve or find your self horrified at these designs,clickbait
9,how one woman paid off debt so fast it rocked her ex partner the country you ve got to see this insider look,clickbait
10,mind blowing discoveries that will tick your curiosity change the world,clickbait
11,experts weigh in on the real truth behind wonders of the world,clickbait
12,i lost the loved one of my life last week this is everything my support animals taught me to carry on,clickbait
13,revealing is the new beauty standards turning against our natural attributes or finally celebrating our body diversity,clickbait
14,in shocking news the rich aren t always happy content after all here s the heartbreaking truth super wealthy exposed,clickbait
15,sure here are clickbait technology headlines split between news articles and medium articles note that while the titles might suggest controversial topics or hyperboles in interest of being captivating the corresponding articles should offer valid researched fact based material where appropriate also many of these will be playfully satirical at times with the intention of demonstrating what people tend to engage the most given certain keywords or phrasing tendencies,NotClickBait
16,for news articles,NotClickBait
17,e vs will sync with your brain here s the timeline,NotClickBait
18,artificial loyalty to challenge apple s dominance in tech revere relationships market,NotClickBait
19,top cto s exposed their crazy hacks for landing an unicorn,NotClickBait
20,hold back microsoft quantum is going to redefine crypto currencies,NotClickBait
21,the robot apocalypse is already upon us ways humans could be dispensable,NotClickBait
22,facebook ai bribes humans for million in bitcoin an unprecedented landmark,NotClickBait
23,tesla announces its first fully operational cyber decks at disneyworld,NotClickBait
24,your tooth brush now helps diagnose parkinson s the rise of mental data health industry,NotClickBait
25,ai mentors for developers startups using blockchain to end unpaid coding apprenticeships,NotClickBait
26,russian solar cylinders power africa sparks global grid overhaul debate,NotClickBait
27,and for medium articles,NotClickBait
28,demistifying augmented reality headbands say hello and more to waking up in paris,NotClickBait
29,the ai renaissance is about to revolutionize design as you know it a daring take on a hot technology frontier,NotClickBait
30,how neuroprosthetics and sensitive microfirm algorithms can enhance,NotClickBait
31,uncovering the shocking truth why do celebrities age so gracefully,clickbait
32,simple habits that increase your iq start seeing results now,clickbait
33,the top products that can cure anxiety fast game changer,clickbait
34,how to stop wasting your life in a dead end job life changing story within,clickbait
35,experts reveal the one thing you ve always been doing wrong in cooking,clickbait
36,the incredible transformation from average to genius get insights here,clickbait
37,from homeless to a millionaire in less than a year this is her secret,clickbait
38,stay off social media discover the amazing things it s doing to you,clickbait
39,longevity hacks you wish you knew earlier say goodbye to aging,clickbait
40,losing weight and keeping it off unlock these mindset techniques here,clickbait
41,are we wiping out the human race on our phones find out now,clickbait
42,they can t believe she started a billion dollar company in her kitchen,clickbait
43,the ultimate cheat sheet for success in any life goal free download here,clickbait
44,they thought their relationship was done now she s pregnant,clickbait
45,this minute technique eliminates stress instantly say goodbye to anxiety,clickbait
46,why do people never remember your name the scary answer here,clickbait
47,unbelievable evidence proves extraterrestrial life exists,clickbait
48,they quit their job to travel they ended up building a dream startup,clickbait
49,get ripped in,clickbait
50,top breakthroughs in ai that are changing the world right now,NotClickBait
51,the future of quantum computing top expert predictions,NotClickBait
52,how augmented reality is revolutionizing education in,NotClickBait
53,g revolution new era of ultra fast wireless technology unveiled,NotClickBait
54,the shocking truth about face recognition experts dare to tell all,NotClickBait
55,earthquake detected here s what silicon valley is doing to prevent the next big one,NotClickBait
56,self driving cars take another step google makes a historic announcement,NotClickBait
57,is blockchain the answer to cybersecurity problems experts debate,NotClickBait
58,ai and climate change an unexpected connections,NotClickBait
59,the rise of the robots how ai is transforming industry jobs,NotClickBait
60,smartphone market apple dominates but samsung fights back with a bang,NotClickBait
61,the electric scooter revolution will it outpace electric cars,NotClickBait
62,amazon and spacex battle it out to deliver goods in minutes,NotClickBait
63,cryptocurrencies on fire ethereum expected to outperform bitcoin,NotClickBait
64,deepfake videos a new form of media fraud exposed,NotClickBait
65,the future of augmented reality gaming top titles to look out for in,NotClickBait
66,will metaverse become the next evolution of the internet tech giants predict,NotClickBait
67,will space travel be a luxury amenity on mars habitats a breakthrough possibility,NotClickBait
68,how self regenerating computer chips are changing the game for hardware repair,NotClickBait
69,hyperloop in mumbai india s smart cities embracing elon musk s fastest public transport innovation,NotClickBait
70,tesla and uber merge autonomous taxis are almost here,NotClickBait
71,eyewear that augments reality is it the future of your smartphone,NotClickBait
72,the most extensive cyber attack targets governments fortune,NotClickBait
