columns2,0
top shocking celebrity scandals of,clickbait
unbelievable the secret life of elon musk revealed,clickbait
you won t believe how this woman transformed her life in a year,clickbait
the truth about aliens new evidence revealed,clickbait
life changing hacks every millennial needs to know,clickbait
the dark side of social media how it s ruining our lives,clickbait
the secret to happiness what the most successful people know,clickbait
the shocking truth about climate change what you need to know now,clickbait
the one thing that will change your relationship forever,clickbait
the hidden dangers of fast food what you should know,clickbait
the biggest myths about weight loss debunked,clickbait
the surprising benefits of meditation you didn t know,clickbait
the secrets of the universe what scientists are hiding from us,clickbait
the future of work how ai is changing everything,clickbait
the truth about cryptocurrency is it a scam or the future of finance,clickbait
the shocking truth about the food industry what they don t want you to know,clickbait
the one thing you re doing every day that s slowly killing you,clickbait
the biggest health scares of what you need to watch out for,clickbait
the secret to a long and healthy life what science says,clickbait
the surprising ways technology is changing our brains,clickbait
the truth about beauty what the industry doesn t want you to know,clickbait
the biggest mistakes millennials are making with their money,clickbait
the surprising benefits of taking a digital detox,clickbait
the secret to a successful relationship what therapists aren t telling you,clickbait
mind blowing tech innovations that will revolutionize your life,NotClickBait
the top ai advances of that will blow your mind,NotClickBait
the secret to mastering coding in days or less,NotClickBait
how to turn your passion into a tech startup,NotClickBait
reasons why virtual reality is the future of gaming,NotClickBait
the biggest tech scandals of what you need to know,NotClickBait
the rise and fall of google a tech lesson in humility,NotClickBait
the top cybersecurity threats you should know about in,NotClickBait
the ethical dilemmas of ai a tech debate you need to join,NotClickBait
the future of work how ai and robots will change the job market,NotClickBait
the most anticipated tech gadgets of,NotClickBait
the hidden dangers of the internet of things,NotClickBait
the impact of blockchain on the finance industry,NotClickBait
the next big thing in tech quantum computing,NotClickBait
the rise of solar energy how technology is changing the power grid,NotClickBait
the top tech trends for startups in,NotClickBait
the pros and cons of working remotely in the tech industry,NotClickBait
the future of smart cities how technology is making urban life smarter,NotClickBait
the role of ai in predicting the next pandemic,NotClickBait
the top tech companies to watch in,NotClickBait
the truth about g what you should know,NotClickBait
the impact of augmented reality on education,NotClickBait
the future of space travel how technology is making it a reality,NotClickBait
the most disruptive tech innovations of the last decade,NotClickBait
the future of self driving cars,NotClickBait
celebrities who rocked their post pregnancy bodies faster than you think,clickbait
the top secrets your doctor doesn t want you to know about your health,clickbait
this one food scientifically proven to burn more calories at night,clickbait
how this teenage inventor is revolutionizing the tech industry with his incredible breakthrough,clickbait
you ll never guess what this town discovered buried feet underground,clickbait
stunning archaeological finds this ancient treasure has been hidden for thousands of years,clickbait
the world as we know it is about to change forever here s why,clickbait
eyewitness accounts these strange occurrences challenge everything we know about our world,clickbait
the mysterious case of the phantom camera flashes and the disappearance of our team in the arctic,clickbait
this couple transformed their home with worth of clever tricks here s how,clickbait
discover the epic battle of brains and coding that could determine the fate of manhood,clickbait
breaking news ufo spotted over main street now watch here to decide for yourself,clickbait
unbelievable man survives years without ever speaking find out the real truth,clickbait
incredible research finds drinking coffee and whiskey can together prolong life span,clickbait
the top mindblowing facts you missed during this weekend s college football games,clickbait
the torturous journey of how this starlet transformed her life and losing a startling amount of weight,clickbait
top game changing tech gadgets you need to own right now,NotClickBait
the unexpected ai revolution what happens next,NotClickBait
things tesla s new innovation means for the future of ev,NotClickBait
facebook s game changing cryptocurrency is finally launching is it a smart move,NotClickBait
how g will change your life forever,NotClickBait
caution microsoft just dropped a massive privacy bug that affects billion users here s how to protect yourself,NotClickBait
apple is building the ultimate augmented reality devices what does this mean for the future of tech,NotClickBait
why instagram s algorithm change is a warning to all businesses online,NotClickBait
blockchain s most skeptical critics quietly admitting this powerful secret find out now,NotClickBait
net neutrality is now a thing of the past the future of the internet in years,NotClickBait
here are additional clickbait tech articles remember that there are titles for the task,NotClickBait
the most unsettling discoveries in the world of cybersecurity this week,NotClickBait
top tech predictions for are you ready,NotClickBait
leaked google x project could reinvent the internet as we know it,NotClickBait
why mark zuckerberg secretly invited major tech leaders to his secret island,NotClickBait
artificial intelligence is evolving faster than we expected is this too fast,NotClickBait
google microsoft and apple the brands whose success you won t understand until,NotClickBait
elon musk announces new breakthrough in sustainable energy we explain the impact,NotClickBait
reasons virtual reality could soon replace real life what does this mean for our society,NotClickBait
unexpected diet hacks to ditch that weight fast,clickbait
shocking signs your relationship may be in big trouble you don t want to miss,clickbait
top crypto experts reveal the market is about to crash or soar buy now or cry later,clickbait
i quit my job pursued my passion instead here s the inspirational journey to my financial turnaround,clickbait
these secret steps will revolutionize your life you won t believe no,clickbait
unbelievable tattoo trends eroding good taste do you approve or find your self horrified at these designs,clickbait
how one woman paid off debt so fast it rocked her ex partner the country you ve got to see this insider look,clickbait
mind blowing discoveries that will tick your curiosity change the world,clickbait
experts weigh in on the real truth behind wonders of the world,clickbait
i lost the loved one of my life last week this is everything my support animals taught me to carry on,clickbait
revealing is the new beauty standards turning against our natural attributes or finally celebrating our body diversity,clickbait
in shocking news the rich aren t always happy content after all here s the heartbreaking truth super wealthy exposed,clickbait
sure here are clickbait technology headlines split between news articles and medium articles note that while the titles might suggest controversial topics or hyperboles in interest of being captivating the corresponding articles should offer valid researched fact based material where appropriate also many of these will be playfully satirical at times with the intention of demonstrating what people tend to engage the most given certain keywords or phrasing tendencies,NotClickBait
e vs will sync with your brain here s the timeline,NotClickBait
artificial loyalty to challenge apple s dominance in tech revere relationships market,NotClickBait
top cto s exposed their crazy hacks for landing an unicorn,NotClickBait
hold back microsoft quantum is going to redefine crypto currencies,NotClickBait
the robot apocalypse is already upon us ways humans could be dispensable,NotClickBait
facebook ai bribes humans for million in bitcoin an unprecedented landmark,NotClickBait
tesla announces its first fully operational cyber decks at disneyworld,NotClickBait
your tooth brush now helps diagnose parkinson s the rise of mental data health industry,NotClickBait
ai mentors for developers startups using blockchain to end unpaid coding apprenticeships,NotClickBait
russian solar cylinders power africa sparks global grid overhaul debate,NotClickBait
demistifying augmented reality headbands say hello and more to waking up in paris,NotClickBait
the ai renaissance is about to revolutionize design as you know it a daring take on a hot technology frontier,NotClickBait
how neuroprosthetics and sensitive microfirm algorithms can enhance,NotClickBait
uncovering the shocking truth why do celebrities age so gracefully,clickbait
simple habits that increase your iq start seeing results now,clickbait
the top products that can cure anxiety fast game changer,clickbait
how to stop wasting your life in a dead end job life changing story within,clickbait
experts reveal the one thing you ve always been doing wrong in cooking,clickbait
the incredible transformation from average to genius get insights here,clickbait
from homeless to a millionaire in less than a year this is her secret,clickbait
stay off social media discover the amazing things it s doing to you,clickbait
longevity hacks you wish you knew earlier say goodbye to aging,clickbait
losing weight and keeping it off unlock these mindset techniques here,clickbait
are we wiping out the human race on our phones find out now,clickbait
they can t believe she started a billion dollar company in her kitchen,clickbait
the ultimate cheat sheet for success in any life goal free download here,clickbait
they thought their relationship was done now she s pregnant,clickbait
this minute technique eliminates stress instantly say goodbye to anxiety,clickbait
why do people never remember your name the scary answer here,clickbait
unbelievable evidence proves extraterrestrial life exists,clickbait
they quit their job to travel they ended up building a dream startup,clickbait
top breakthroughs in ai that are changing the world right now,NotClickBait
the future of quantum computing top expert predictions,NotClickBait
how augmented reality is revolutionizing education in,NotClickBait
g revolution new era of ultra fast wireless technology unveiled,NotClickBait
the shocking truth about face recognition experts dare to tell all,NotClickBait
earthquake detected here s what silicon valley is doing to prevent the next big one,NotClickBait
self driving cars take another step google makes a historic announcement,NotClickBait
is blockchain the answer to cybersecurity problems experts debate,NotClickBait
ai and climate change an unexpected connections,NotClickBait
the rise of the robots how ai is transforming industry jobs,NotClickBait
smartphone market apple dominates but samsung fights back with a bang,NotClickBait
the electric scooter revolution will it outpace electric cars,NotClickBait
amazon and spacex battle it out to deliver goods in minutes,NotClickBait
cryptocurrencies on fire ethereum expected to outperform bitcoin,NotClickBait
deepfake videos a new form of media fraud exposed,NotClickBait
the future of augmented reality gaming top titles to look out for in,NotClickBait
will metaverse become the next evolution of the internet tech giants predict,NotClickBait
will space travel be a luxury amenity on mars habitats a breakthrough possibility,NotClickBait
how self regenerating computer chips are changing the game for hardware repair,NotClickBait
hyperloop in mumbai india s smart cities embracing elon musk s fastest public transport innovation,NotClickBait
tesla and uber merge autonomous taxis are almost here,NotClickBait
eyewear that augments reality is it the future of your smartphone,NotClickBait
the most extensive cyber attack targets governments fortune,NotClickBait
you won t believe what happened next unimaginable twist ends controversial poll,clickbait
fitness secrets the gurus don t tell you instant results guaranteed,clickbait
mind blowing recipes for weight loss lovers discover secrets to drop a pant size fast,clickbait
the one unhealthy food that doctors recommend for losing weight is it a legend,clickbait
secrets you never knew about elon musk revealed his life quotes and unseen images,clickbait
top movie scenes changed in the last minute due to script hiccups numbers and will shock you,clickbait
unlocking bill gates net worth reveals the one secret no one talks about,clickbait
discover the one ingredient proven to double your income financial success starts here,clickbait
ways to save million in years millennial approved methods revealed,clickbait
tired of fad diets here s the hormone that boosts metabolism over secret could transform your waist,clickbait
unveiled fascinating phenomenon science can t explain ancient pyramids with extraordinary inside truth,clickbait
the artists of now pioneers making waves in modern art and pop culture you need to know,clickbait
learning a new language simplified breaking the misconceptions of fast learning,clickbait
the science behind mindfulness and productivity unconventional guide to boost your focus instantaneously,clickbait
meet the extraordinary people who quit their jobs at and traveled the world can you be one of them,clickbait
here are clickbaity titles for tech articles across various platforms,NotClickBait
top secret google easter eggs you haven t discovered yet technewstoday com,NotClickBait
the future of computing ai powered quantum computers exclusive insight techfuture net,NotClickBait
elon musk predicts end of ice age full electrified earth by elontechlife com,NotClickBait
apple s massive secret why iphones are about to see a revolution in functionality secretapplevalue com,NotClickBait
nasa unearths unbelievable exoplanet photos you won t believe your eyes astonishingastronews com,NotClickBait
tesla s groundbreaking battery breaks records unparalleled speed and performance teslarevealed com,NotClickBait
facebook s stealth project the dark web s most impressive social media platform facebooksecretproject net,NotClickBait
microsoft s ai beats the best go player what happens next could change the course of history microsoftbreakthrough com,NotClickBait
uber transforms on demand travel the hidden agenda all unveiled ubertransportsbreakthrough com,NotClickBait
amazon prime how it s secretly rule the world a revelation shockingrevelationz com,NotClickBait
how apple s new augmented reality system will change the course of human history futurerevealed net,NotClickBait
spacex mysterious martian craters and the colony nobody knew about colonymysterios com,NotClickBait
say goodbye to virus ridden hacked devices forever introducing secure,NotClickBait
